{
	"credit": "Made with Blockbench",
	"ambientocclusion": false,
	"textures": {
		"0": "block/torch_0",
		"particle": "block/torch"
	},
	"elements": [
		{
			"from": [5.5, 0, 5.5],
			"to": [10.5, 1, 10.5],
			"faces": {
				"north": {"uv": [1, 6, 6, 7], "texture": "#0"},
				"east": {"uv": [1, 6, 6, 7], "texture": "#0"},
				"south": {"uv": [1, 6, 6, 7], "texture": "#0"},
				"west": {"uv": [1, 6, 6, 7], "texture": "#0"},
				"up": {"uv": [1, 1, 6, 6], "texture": "#0"},
				"down": {"uv": [1, 1, 6, 6], "texture": "#0"}
			}
		},
		{
			"from": [6.5, 2.5, 6.5],
			"to": [9.5, 3.5, 9.5],
			"faces": {
				"north": {"uv": [2, 6, 5, 7], "texture": "#0"},
				"east": {"uv": [2, 6, 5, 7], "texture": "#0"},
				"south": {"uv": [2, 6, 5, 7], "texture": "#0"},
				"west": {"uv": [2, 6, 5, 7], "texture": "#0"},
				"up": {"uv": [2, 2, 5, 5], "texture": "#0"},
				"down": {"uv": [2, 2, 5, 5], "texture": "#0"}
			}
		},
		{
			"from": [7, 0.5, 7],
			"to": [9, 8.5, 9],
			"shade": false,
			"faces": {
				"north": {"uv": [8, 0, 10, 8], "texture": "#0"},
				"east": {"uv": [12, 0, 14, 8], "texture": "#0"},
				"south": {"uv": [10, 0, 12, 8], "texture": "#0"},
				"west": {"uv": [8, 0, 10, 8], "texture": "#0"},
				"up": {"uv": [1, 10, 3, 12], "texture": "#0"}
			}
		}
	]
}